{"cameraMode":{"drawMode":0,"name":"Shaded","section":"Shading Mode"},"sceneLighting":true,"audioPlay":false,"sceneViewState":{"m_AlwaysRefresh":false,"showFog":true,"showSkybox":true,"showFlares":true,"showImageEffects":true,"showParticleSystems":true,"showVisualEffectGraphs":true,"m_FxEnabled":true},"in2DMode":false,"pivot":{"x":-0.5920363664627075,"y":0.16573861241340638,"z":1.1184515953063965},"rotation":{"x":0.011877952143549919,"y":0.858010470867157,"z":-0.01947341486811638,"w":0.5132866501808167},"size":0.150616854429245,"orthographic":false}